{"accuracy": [0.8705833554267883, 0.9599375128746033, 0.9705625176429749, 0.9751041531562805, 0.9773125052452087, 0.9806666374206543, 0.9820416569709778, 0.9837916493415833, 0.9844375252723694, 0.9854999780654907], "loss": [0.4308618903160095, 0.14660796523094177, 0.10761670768260956, 0.0909128338098526, 0.08206433802843094, 0.07390835136175156, 0.06443844735622406, 0.06092984974384308, 0.05703483149409294, 0.05364589765667915], "val_accuracy": [0.9627500176429749, 0.965666651725769, 0.9764999747276306, 0.9815000295639038, 0.984749972820282, 0.98416668176651, 0.9858333468437195, 0.9885833263397217, 0.9879999756813049, 0.9869999885559082], "val_loss": [0.11897146701812744, 0.12105794996023178, 0.08448822796344757, 0.06313454359769821, 0.05364448204636574, 0.055249929428100586, 0.04972177743911743, 0.03854936361312866, 0.040228113532066345, 0.04254148155450821]}